slug,reporting_fy,reporting_period,treasury_account_symbol,reporting_agency_name,allocation_transfer_agency_identifier_code,agency_identifier_code,beginning_period_of_availability,ending_period_of_availability,main_account_code,budget_authority_appropriated_amount,total_budgetary_resources,obligations_incurred,gross_outlay_amount,last_modified_date
aeeca,2025,12,019-072-2019/2020-0306-000,Department of State,019,072,2019,2020,0306,0.00,88349.88,88349.88,5016213.39,2025-11-17
aeeca,2025,12,019-072-2020/2021-0306-000,Department of State,019,072,2020,2021,0306,0.00,2669174.22,792.21,7538584.50,2025-11-17
aeeca,2025,12,019-072-2021/2022-0306-000,Department of State,019,072,2021,2022,0306,0.00,2001704.96,417.81,24343026.48,2025-11-17
aeeca,2025,12,019-072-2022/2023-0306-000,Department of State,019,072,2022,2023,0306,0.00,5173784.54,1263.42,27647986.09,2025-11-17
aeeca,2025,12,019-072-2023/2024-0306-000,Department of State,019,072,2023,2024,0306,0.00,10479995.76,494996.25,73230658.90,2025-11-17
aeeca,2025,12,019-072-2024/2025-0306-000,Department of State,019,072,2024,2025,0306,0.00,407967441.54,407905289.78,25731268.91,2025-11-17
aeeca,2025,12,072-2019/2020-0306-000,Agency for International Development,,072,2019,2020,0306,0.00,0.00,0.00,0.00,2025-11-12
aeeca,2025,12,072-2020/2021-0306-000,Agency for International Development,,072,2020,2021,0306,0.00,2021302.69,1997849.22,0.00,2025-11-12
aeeca,2025,12,072-2021/2022-0306-000,Agency for International Development,,072,2021,2022,0306,0.00,2550573.64,2550573.64,0.00,2025-11-12
aeeca,2025,12,072-2022/2023-0306-000,Agency for International Development,,072,2022,2023,0306,0.00,10203430.35,10201472.35,0.00,2025-11-12
aeeca,2025,12,072-2023/2024-0306-000,Agency for International Development,,072,2023,2024,0306,0.00,1364075.46,1364075.46,0.00,2025-11-12
aeeca,2025,12,072-2024/2025-0306-000,Agency for International Development,,072,2024,2025,0306,0.00,1451022586.00,1451022585.97,107491572.80,2025-11-12
aeeca,2025,12,072-2025/2026-0306-000,Agency for International Development,,072,2025,2026,0306,334000.00,334000.00,0.00,0.00,2025-11-12
da,2025,12,012-072-2019/2020-1021-000,Department of Agriculture,012,072,2019,2020,1021,0.00,0.00,0.00,98593.24,2025-12-05
da,2025,12,019-072-2019/2020-1021-000,Department of State,019,072,2019,2020,1021,0.00,0.00,0.00,103117.65,2025-11-17
da,2025,12,019-072-2020/2021-1021-000,Department of State,019,072,2020,2021,1021,0.00,371.00,0.00,97218.91,2025-11-17
da,2025,12,019-072-2021/2022-1021-000,Department of State,019,072,2021,2022,1021,0.00,1714274.75,0.00,2557481.49,2025-11-17
da,2025,12,019-072-2022/2023-1021-000,Department of State,019,072,2022,2023,1021,0.00,18101.33,98.57,685496.48,2025-11-17
da,2025,12,019-072-2023/2024-1021-000,Department of State,019,072,2023,2024,1021,0.00,50499.74,0.00,49500.26,2025-11-17
da,2025,12,072-2019/2020-1021-000,Agency for International Development,,072,2019,2020,1021,0.00,0.00,0.00,546240.43,2025-11-12
da,2025,12,072-2020/2021-1021-000,Agency for International Development,,072,2020,2021,1021,0.00,8387906.37,8387906.15,0.00,2025-11-12
da,2025,12,072-2021/2022-1021-000,Agency for International Development,,072,2021,2022,1021,0.00,21006080.09,21006080.09,595.68,2025-11-12
da,2025,12,072-2022/2023-1021-000,Agency for International Development,,072,2022,2023,1021,0.00,45097000.79,45075856.79,553904.77,2025-11-12
da,2025,12,072-2023/2024-1021-000,Agency for International Development,,072,2023,2024,1021,0.00,12697135.15,12693055.95,0.00,2025-11-12
da,2025,12,072-2024/2025-1021-000,Agency for International Development,,072,2024,2025,1021,0.00,3931000000.00,749549027.63,62321827.10,2025-11-12
da,2025,12,072-2025/2026-1021-000,Agency for International Development,,072,2025,2026,1021,1431000000.00,1431000000.00,0.00,0.00,2025-11-12
df,2025,12,019-2019/2020-1121-000,Department of State,,019,2019,2020,1121,0.00,140430.19,140430.19,1831282.86,2025-11-17
df,2025,12,019-2020/2021-1121-000,Department of State,,019,2020,2021,1121,0.00,1409306.45,133439.00,10502516.70,2025-11-17
df,2025,12,019-2021/2022-1121-000,Department of State,,019,2021,2022,1121,0.00,771686.62,990.72,29341979.02,2025-11-17
df,2025,12,019-2022/2023-1121-000,Department of State,,019,2022,2023,1121,0.00,1350224.60,124.98,48835624.13,2025-11-17
df,2025,12,019-2023/2024-1121-000,Department of State,,019,2023,2024,1121,0.00,2249103.81,14618.40,32535616.30,2025-11-17
df,2025,12,019-2024/2025-1121-000,Department of State,,019,2024,2025,1121,0.00,205200000.00,16885480.13,159634.75,2025-11-17
df,2025,12,019-2025/2026-1121-000,Department of State,,019,2025,2026,1121,262200000.00,262200000.00,0.00,0.00,2025-11-17
df,2025,12,072-019-2019/2020-1121-000,Agency for International Development,072,019,2019,2020,1121,0.00,0.00,0.00,226524.19,2025-11-12
df,2025,12,072-019-2020/2021-1121-000,Agency for International Development,072,019,2020,2021,1121,0.00,691180.90,691180.90,0.00,2025-11-12
df,2025,12,072-019-2021/2022-1121-000,Agency for International Development,072,019,2021,2022,1121,0.00,1331491.59,1331491.59,0.00,2025-11-12
df,2025,12,072-019-2022/2023-1121-000,Agency for International Development,072,019,2022,2023,1121,0.00,744296.16,744296.16,0.00,2025-11-12
df,2025,12,072-019-2023/2024-1121-000,Agency for International Development,072,019,2023,2024,1121,0.00,382889.19,382889.19,0.00,2025-11-12
df,2025,12,072-019-2024/2025-1121-000,Agency for International Development,072,019,2024,2025,1121,0.00,140390793.81,8273567.63,1389.82,2025-11-12
esf,2025,12,019-072-2019/2020-1037-000,Department of State,019,072,2019,2020,1037,0.00,1352636.56,1352636.56,17034348.32,2025-11-17
esf,2025,12,019-072-2020/2021-1037-000,Department of State,019,072,2020,2021,1037,0.00,8442319.23,182187.51,36833352.55,2025-11-17
esf,2025,12,019-072-2021/2022-1037-000,Department of State,019,072,2021,2022,1037,0.00,9597814.31,919678.32,90830509.69,2025-11-17
esf,2025,12,019-072-2022/2023-1037-000,Department of State,019,072,2022,2023,1037,0.00,24085031.98,2795488.55,143694514.67,2025-11-17
esf,2025,12,019-072-2023/2024-1037-000,Department of State,019,072,2023,2024,1037,0.00,44232146.54,5540158.08,284773402.87,2025-11-17
esf,2025,12,019-072-2024/2025-1037-000,Department of State,019,072,2024,2025,1037,0.00,329099569.00,326359933.36,169046525.53,2025-11-17
esf,2025,12,020-072-2021/2022-1037-000,Department of the Treasury,020,072,2021,2022,1037,0.00,0.00,0.00,0.00,2025-12-04
esf,2025,12,020-072-2022/2023-1037-000,Department of the Treasury,020,072,2022,2023,1037,0.00,0.00,0.00,0.00,2025-12-04
esf,2025,12,072-2019/2020-1037-000,Agency for International Development,,072,2019,2020,1037,0.00,0.00,0.00,6180559.12,2025-11-12
esf,2025,12,072-2020/2021-1037-000,Agency for International Development,,072,2020,2021,1037,0.00,13571313.18,13571313.09,0.00,2025-11-12
esf,2025,12,072-2021/2022-1037-000,Agency for International Development,,072,2021,2022,1037,0.00,6586154.75,0.00,91778429.27,2025-11-12
esf,2025,12,072-2022/2023-1037-000,Agency for International Development,,072,2022,2023,1037,0.00,18482911.52,18405529.55,0.00,2025-11-12
esf,2025,12,072-2023/2024-1037-000,Agency for International Development,,072,2023,2024,1037,0.00,3562566.13,3354612.04,429704.21,2025-11-12
esf,2025,12,072-2024/2025-1037-000,Agency for International Development,,072,2024,2025,1037,-117496000.00,6881559294.00,6881028708.26,5959249221.50,2025-11-12
esf,2025,12,072-2025/2026-1037-000,Agency for International Development,,072,2025,2026,1037,1940400000.00,1940400000.00,0.00,0.00,2025-11-12
esf,2025,12,075-072-2021/2022-1037-000,Department of Health and Human Services,075,072,2021,2022,1037,0.00,1219384.86,0.00,6490934.59,2025-12-05
esf,2025,12,097-072-2021/2022-1037-000,Department of Defense,097,072,2021,2022,1037,0.00,230795.48,0.00,0.00,2026-01-30
ghp,2025,12,019-2019/2020-1031-000,Department of State,,019,2019,2020,1031,0.00,0.00,0.00,0.00,2025-11-17
ghp,2025,12,019-2024/2025-1031-000,Department of State,,019,2024,2025,1031,0.00,0.00,0.00,0.00,2025-11-17
ghp,2025,12,019-2025/2026-1031-000,Department of State,,019,2025,2026,1031,0.00,0.00,0.00,0.00,2025-11-17
ghp,2025,12,072-019-2019/2020-1031-000,Agency for International Development,072,019,2019,2020,1031,0.00,518.44,518.44,12565086.42,2025-11-12
ghp,2025,12,072-019-2020/2021-1031-000,Agency for International Development,072,019,2020,2021,1031,0.00,6603522.16,6585161.08,0.00,2025-11-12
ghp,2025,12,072-019-2021/2022-1031-000,Agency for International Development,072,019,2021,2022,1031,0.00,27974925.54,27974925.54,0.00,2025-11-12
ghp,2025,12,072-019-2022/2023-1031-000,Agency for International Development,072,019,2022,2023,1031,0.00,62400521.12,62200021.12,0.00,2025-11-12
ghp,2025,12,072-019-2023/2024-1031-000,Agency for International Development,072,019,2023,2024,1031,0.00,15623092.06,15623092.06,0.00,2025-11-12
ghp,2025,12,072-019-2024/2025-1031-000,Agency for International Development,072,019,2024,2025,1031,0.00,3505761462.58,3505761462.52,780444227.63,2025-11-12
ghp,2025,12,072-019-2025/2026-1031-000,Agency for International Development,072,019,2025,2026,1031,3485450000.00,3485450000.00,0.00,0.00,2025-11-12
incle,2025,12,011-2019/2020-1022-000,Department of State,,011,2019,2020,1022,0.00,0.00,0.00,0.00,2025-11-17
incle,2025,12,011-2024/2025-1022-000,Department of State,,011,2024,2025,1022,-65000000.00,0.00,0.00,0.00,2025-11-17
incle,2025,12,011-2025/2026-1022-000,Department of State,,011,2025,2026,1022,0.00,0.00,0.00,0.00,2025-11-17
incle,2025,12,019-011-2019/2020-1022-000,Department of State,019,011,2019,2020,1022,0.00,4731966.38,4731966.38,137226619.11,2025-11-17
incle,2025,12,019-011-2020/2021-1022-000,Department of State,019,011,2020,2021,1022,0.00,14315503.78,248639.54,146546881.19,2025-11-17
incle,2025,12,019-011-2021/2022-1022-000,Department of State,019,011,2021,2022,1022,0.00,10754010.72,215395.21,150804217.87,2025-11-17
incle,2025,12,019-011-2022/2023-1022-000,Department of State,019,011,2022,2023,1022,0.00,22055524.15,6052802.47,183167686.64,2025-11-17
incle,2025,12,019-011-2023/2024-1022-000,Department of State,019,011,2023,2024,1022,0.00,6956021.56,1446021.63,316662515.24,2025-11-17
incle,2025,12,019-011-2024/2025-1022-000,Department of State,019,011,2024,2025,1022,0.00,1267625450.43,1265847082.03,182786626.77,2025-11-17
incle,2025,12,019-011-2025/2026-1022-000,Department of State,019,011,2025,2026,1022,1285000000.00,1299087983.74,174159917.52,138560326.44,2025-11-17
nadr,2025,12,011-2019/2020-1075-000,Department of State,,011,2019,2020,1075,0.00,0.00,0.00,0.00,2025-11-17
nadr,2025,12,011-2025/2026-1075-000,Department of State,,011,2025,2026,1075,796482146.00,796482146.00,0.00,0.00,2025-11-17
nadr,2025,12,019-011-2019/2020-1075-000,Department of State,019,011,2019,2020,1075,0.00,818.03,818.03,6195157.40,2025-11-17
nadr,2025,12,019-011-2020/2021-1075-000,Department of State,019,011,2020,2021,1075,0.00,9903228.16,39695.11,17788209.37,2025-11-17
nadr,2025,12,019-011-2021/2022-1075-000,Department of State,019,011,2021,2022,1075,0.00,26960536.42,2512092.02,35116336.11,2025-11-17
nadr,2025,12,019-011-2022/2023-1075-000,Department of State,019,011,2022,2023,1075,0.00,20908355.79,322957.05,104100402.69,2025-11-17
nadr,2025,12,019-011-2023/2024-1075-000,Department of State,019,011,2023,2024,1075,0.00,69730728.78,10237664.88,264098245.87,2025-11-17
nadr,2025,12,019-011-2024/2025-1075-000,Department of State,019,011,2024,2025,1075,0.00,774756139.11,764920371.85,174233438.79,2025-11-17
nadr,2025,12,019-011-2025/2026-1075-000,Department of State,019,011,2025,2026,1075,73517854.00,73517854.00,43314688.61,819283.14,2025-11-17
aeeca,2026,9,019-072-2020/2021-0306-000,Department of State,019,072,2020,2021,0306,0.00,3103625.04,67.42,3232552.16,2026-07-30
aeeca,2026,9,019-072-2021/2022-0306-000,Department of State,019,072,2021,2022,0306,0.00,2414935.50,228.07,4159774.82,2026-07-30
aeeca,2026,9,019-072-2022/2023-0306-000,Department of State,019,072,2022,2023,0306,0.00,8058232.65,9878.64,3950106.87,2026-07-30
aeeca,2026,9,019-072-2023/2024-0306-000,Department of State,019,072,2023,2024,0306,0.00,17737119.51,14923.52,28964705.60,2026-07-30
aeeca,2026,9,019-072-2024/2025-0306-000,Department of State,019,072,2024,2025,0306,0.00,16546783.77,16366554.52,102059515.92,2026-07-30
aeeca,2026,9,019-072-2026/2027-0306-000,Department of State,019,072,2026,2027,0306,257445623.00,257445623.00,201000000.00,781000.00,2026-07-30
aeeca,2026,9,072-2020/2021-0306-000,Agency for International Development,,072,2020,2021,0306,0.00,23453.47,0.00,1998466.76,2026-07-28
aeeca,2026,9,072-2021/2022-0306-000,Agency for International Development,,072,2021,2022,0306,0.00,0.00,0.00,2769776.76,2026-07-28
aeeca,2026,9,072-2022/2023-0306-000,Agency for International Development,,072,2022,2023,0306,0.00,1958.00,0.00,10256990.31,2026-07-28
aeeca,2026,9,072-2023/2024-0306-000,Agency for International Development,,072,2023,2024,0306,0.00,0.00,0.00,1320119.27,2026-07-28
aeeca,2026,9,072-2024/2025-0306-000,Agency for International Development,,072,2024,2025,0306,0.00,161994.28,161994.25,0.00,2026-07-28
aeeca,2026,9,072-2025/2026-0306-000,Agency for International Development,,072,2025,2026,0306,0.00,334000.00,0.00,0.00,2026-07-28
aeeca,2026,9,072-2026/2027-0306-000,Agency for International Development,,072,2026,2027,0306,0.00,257445623.00,257445623.00,0.00,2026-07-28
da,2026,9,019-072-2020/2021-1021-000,Department of State,019,072,2020,2021,1021,0.00,372.61,0.00,0.00,2026-07-30
da,2026,9,019-072-2021/2022-1021-000,Department of State,019,072,2021,2022,1021,0.00,1727481.27,0.00,0.00,2026-07-30
da,2026,9,019-072-2022/2023-1021-000,Department of State,019,072,2022,2023,1021,0.00,18085.95,135.78,202368.51,2026-07-30
da,2026,9,019-072-2023/2024-1021-000,Department of State,019,072,2023,2024,1021,0.00,66478.94,0.00,0.00,2026-07-30
da,2026,9,019-072-2025/2026-1021-000,Department of State,019,072,2025,2026,1021,0.00,251901000.00,40108000.00,31467189.00,2026-07-30
da,2026,9,072-2020/2021-1021-000,Agency for International Development,,072,2020,2021,1021,0.00,0.22,0.00,8537921.94,2026-07-28
da,2026,9,072-2021/2022-1021-000,Agency for International Development,,072,2021,2022,1021,0.00,0.00,0.00,20988120.45,2026-07-28
da,2026,9,072-2022/2023-1021-000,Agency for International Development,,072,2022,2023,1021,0.00,67644.00,0.00,42558401.80,2026-07-28
da,2026,9,072-2023/2024-1021-000,Agency for International Development,,072,2023,2024,1021,0.00,4704079.20,0.00,12371333.44,2026-07-28
da,2026,9,072-2024/2025-1021-000,Agency for International Development,,072,2024,2025,1021,0.00,3181450972.37,0.00,1253183.93,2026-07-28
da,2026,9,072-2025/2026-1021-000,Agency for International Development,,072,2025,2026,1021,0.00,1179099000.00,0.00,0.00,2026-07-28
df,2026,9,019-2020/2021-1121-000,Department of State,,019,2020,2021,1121,0.00,1843673.69,50903.00,887344.99,2026-07-30
df,2026,9,019-2021/2022-1121-000,Department of State,,019,2021,2022,1121,0.00,4220497.25,0.00,732120.72,2026-07-30
df,2026,9,019-2022/2023-1121-000,Department of State,,019,2022,2023,1121,0.00,2362889.94,5330.23,10624241.16,2026-07-30
df,2026,9,019-2023/2024-1121-000,Department of State,,019,2023,2024,1121,0.00,6491263.38,11158.35,19922222.37,2026-07-30
df,2026,9,019-2024/2025-1121-000,Department of State,,019,2024,2025,1121,0.00,188468743.81,4419.40,5102961.20,2026-07-30
df,2026,9,019-2025/2026-1121-000,Department of State,,019,2025,2026,1121,0.00,262200000.00,9999999.77,800239.91,2026-07-30
df,2026,9,019-2026/2027-1121-000,Department of State,,019,2026,2027,1121,205200000.00,205200000.00,0.00,0.00,2026-07-30
df,2026,9,072-019-2020/2021-1121-000,Agency for International Development,072,019,2020,2021,1121,0.00,0.00,0.00,690510.47,2026-07-28
df,2026,9,072-019-2021/2022-1121-000,Agency for International Development,072,019,2021,2022,1121,0.00,0.00,0.00,1356847.55,2026-07-28
df,2026,9,072-019-2022/2023-1121-000,Agency for International Development,072,019,2022,2023,1121,0.00,0.00,0.00,744296.16,2026-07-28
df,2026,9,072-019-2023/2024-1121-000,Agency for International Development,072,019,2023,2024,1121,0.00,0.00,0.00,382889.19,2026-07-28
df,2026,9,072-019-2024/2025-1121-000,Agency for International Development,072,019,2024,2025,1121,0.00,132117226.18,0.00,0.00,2026-07-28
esf,2026,9,019-072-2020/2021-1037-000,Department of State,019,072,2020,2021,1037,0.00,16181997.84,2816472.97,5369650.88,2026-07-30
esf,2026,9,019-072-2021/2022-1037-000,Department of State,019,072,2021,2022,1037,0.00,52984416.24,23099700.56,16683397.06,2026-07-30
esf,2026,9,019-072-2022/2023-1037-000,Department of State,019,072,2022,2023,1037,0.00,33845273.97,4664460.35,46790804.30,2026-07-30
esf,2026,9,019-072-2023/2024-1037-000,Department of State,019,072,2023,2024,1037,0.00,65092283.24,761624.05,119165334.90,2026-07-30
esf,2026,9,019-072-2024/2025-1037-000,Department of State,019,072,2024,2025,1037,0.00,19999921.42,7824163.56,37307994.20,2026-07-30
esf,2026,9,019-072-2025/2026-1037-000,Department of State,019,072,2025,2026,1037,0.00,788450000.00,63299999.00,63299999.00,2026-07-30
esf,2026,9,020-072-2021/2022-1037-000,Department of the Treasury,020,072,2021,2022,1037,0.00,0.00,0.00,0.00,2026-07-30
esf,2026,9,020-072-2022/2023-1037-000,Department of the Treasury,020,072,2022,2023,1037,0.00,0.00,0.00,0.00,2026-07-30
esf,2026,9,072-2020/2021-1037-000,Agency for International Development,,072,2020,2021,1037,0.00,218600.09,0.00,13531509.52,2026-07-28
esf,2026,9,072-2021/2022-1037-000,Agency for International Development,,072,2021,2022,1037,0.00,6631154.75,0.00,10608508.47,2026-07-28
esf,2026,9,072-2022/2023-1037-000,Agency for International Development,,072,2022,2023,1037,0.00,494381.97,0.00,19691807.54,2026-07-28
esf,2026,9,072-2023/2024-1037-000,Agency for International Development,,072,2023,2024,1037,0.00,15207954.09,0.00,2299305.46,2026-07-28
esf,2026,9,072-2024/2025-1037-000,Agency for International Development,,072,2024,2025,1037,0.00,530585.74,0.00,491455.81,2026-07-28
esf,2026,9,072-2025/2026-1037-000,Agency for International Development,,072,2025,2026,1037,0.00,1151950000.00,916773598.44,845759242.60,2026-07-28
esf,2026,9,075-072-2021/2022-1037-000,Department of Health and Human Services,075,072,2021,2022,1037,0.00,1397030.14,0.00,596842.19,2026-07-30
ghp,2026,9,019-2023/2024-1031-000,Department of State,,019,2023,2024,1031,0.00,100000.00,0.00,0.00,2026-07-30
ghp,2026,9,019-2025/2026-1031-000,Department of State,,019,2025,2026,1031,0.00,1992927000.00,95007254.02,94778477.20,2026-07-30
ghp,2026,9,019-2026/2027-1031-000,Department of State,,019,2026,2027,1031,3531975000.00,3531975000.00,67826.16,0.00,2026-07-30
ghp,2026,9,072-019-2020/2021-1031-000,Agency for International Development,072,019,2020,2021,1031,0.00,18361.08,0.00,7163136.69,2026-07-28
ghp,2026,9,072-019-2021/2022-1031-000,Agency for International Development,072,019,2021,2022,1031,0.00,0.00,0.00,24575431.14,2026-07-28
ghp,2026,9,072-019-2022/2023-1031-000,Agency for International Development,072,019,2022,2023,1031,0.00,200500.00,0.00,50881712.50,2026-07-28
ghp,2026,9,072-019-2023/2024-1031-000,Agency for International Development,072,019,2023,2024,1031,0.00,1396766.99,1396766.99,0.00,2026-07-28
ghp,2026,9,072-019-2024/2025-1031-000,Agency for International Development,072,019,2024,2025,1031,0.00,409864380.82,409864380.76,0.00,2026-07-28
ghp,2026,9,072-019-2025/2026-1031-000,Agency for International Development,072,019,2025,2026,1031,0.00,1492523000.00,136272335.00,733478.86,2026-07-28
incle,2026,9,011-2026/2027-1022-000,Department of State,,011,2026,2027,1022,0.00,0.00,0.00,0.00,2026-07-30
incle,2026,9,019-011-2020/2021-1022-000,Department of State,019,011,2020,2021,1022,0.00,15541747.43,999651.36,80236219.18,2026-07-30
incle,2026,9,019-011-2021/2022-1022-000,Department of State,019,011,2021,2022,1022,0.00,19384055.45,1464565.47,72393283.81,2026-07-30
incle,2026,9,019-011-2022/2023-1022-000,Department of State,019,011,2022,2023,1022,0.00,23621740.82,317784.93,79899432.53,2026-07-30
incle,2026,9,019-011-2023/2024-1022-000,Department of State,019,011,2023,2024,1022,0.00,28103689.75,2110493.92,173016865.77,2026-07-30
incle,2026,9,019-011-2024/2025-1022-000,Department of State,019,011,2024,2025,1022,0.00,6057205.51,571630.47,188137772.47,2026-07-30
incle,2026,9,019-011-2025/2026-1022-000,Department of State,019,011,2025,2026,1022,0.00,1136919767.03,99211352.48,74771798.94,2026-07-30
incle,2026,9,019-011-2026/2027-1022-000,Department of State,019,011,2026,2027,1022,1400000000.00,1412145899.37,92873173.48,73609571.59,2026-07-30
nadr,2026,9,011-2025/2026-1075-000,Department of State,,011,2025,2026,1075,0.00,20000000.00,0.00,0.00,2026-07-30
nadr,2026,9,011-2026/2027-1075-000,Department of State,,011,2026,2027,1075,791000000.00,791000000.00,0.00,0.00,2026-07-30
nadr,2026,9,019-011-2020/2021-1075-000,Department of State,019,011,2020,2021,1075,0.00,17601604.54,46329.92,3734828.58,2026-07-30
nadr,2026,9,019-011-2021/2022-1075-000,Department of State,019,011,2021,2022,1075,0.00,23267372.85,3427.13,14058511.82,2026-07-30
nadr,2026,9,019-011-2022/2023-1075-000,Department of State,019,011,2022,2023,1075,0.00,29173300.00,5324.42,31159717.42,2026-07-30
nadr,2026,9,019-011-2023/2024-1075-000,Department of State,019,011,2023,2024,1075,0.00,89807444.17,1396876.00,74282192.35,2026-07-30
nadr,2026,9,019-011-2024/2025-1075-000,Department of State,019,011,2024,2025,1075,0.00,21464441.84,1839618.03,219049659.01,2026-07-30
nadr,2026,9,019-011-2025/2026-1075-000,Department of State,019,011,2025,2026,1075,0.00,841815240.70,271891032.30,123139472.88,2026-07-30
nadr,2026,9,019-011-2026/2027-1075-000,Department of State,019,011,2026,2027,1075,79000000.00,79000000.00,12009577.33,9481.93,2026-07-30
